<?xml version="1.0" encoding="utf-8"?>

<templates xml:space="preserve">
    <t t-name="custom_whatsapp.so_confirm_modal_template" t-inherit="mail.Chatter" t-inherit-mode="extension">
        <xpath expr="//*[contains(@class, 'o-mail-Chatter-activity')]" position="before">
            <button class="btn btn-success text-nowrap me-1" t-att-class="{'my-2': !props.compactHeight }" data-hotkey="shift+w" t-on-click="sendWhatsAppMessage">
                <span><i class="fa fa-whatsapp me-1"></i></span>
            </button>
        </xpath>
    </t>
</templates>